Entry EV / EBITDA,Sponsor Equity ($mm),Probability IRR >= 25%,Probability MOIC >= 2.5x,Median IRR,5th Percentile IRR,95th Percentile IRR
6.5,107.48129999999999,0.9778,0.9926,0.41452684063038026,0.28278779725177805,0.5282661374754469
6.6,113.27591999999999,0.9686,0.9911,0.3997492875288986,0.26938652111666206,0.5123003506476232
6.7,119.07054000000002,0.9571,0.988,0.38585218243091857,0.25678369427396325,0.49728580690046065
6.8,124.86516000000002,0.9427,0.983,0.37274388925482127,0.24489621497975445,0.483123501876823
6.9,130.65978000000007,0.9248,0.9786,0.36034601963196433,0.2336529954046265,0.4697287441548672
7.0,136.4544,0.9069,0.9702,0.34859102755588056,0.22299278030027989,0.45702855648775637
7.1,142.24902,0.8825,0.9619,0.33742032240084086,0.2128624357582164,0.44495963709379033
7.2,148.04364000000004,0.8551,0.9519,0.3267827724015716,0.2032155920647895,0.43346674280389447
7.3,153.83825999999996,0.8255,0.9397,0.3166335059385157,0.19401155662629418,0.4225013939606083
7.4,159.63288000000006,0.7917,0.9242,0.30693294256728487,0.18521443524149464,0.41202082753453756
7.5,165.4275,0.7549,0.9095,0.2976460031540218,0.1767924157994024,0.40198714374826827
7.6,171.22212,0.7126,0.8899,0.2887414609958677,0.16871717983180232,0.39236660502171783
7.7,177.01674000000006,0.67,0.8694,0.2801914049159411,0.160963415611775,0.3831290558956479
7.8,182.81135999999998,0.6265,0.846,0.27197079203235663,0.1535084125746509,0.37424743983972486
7.9,188.60598000000007,0.5852,0.8216,0.26405707289824343,0.146331721369842,0.3656973942507938
8.0,194.40059999999997,0.5397,0.7943,0.25642987547013785,0.13941486726218574,0.35745690900979316
8.1,200.19521999999995,0.4947,0.7649,0.24907073721899708,0.1327411071922495,0.34950603705235006
8.2,205.98983999999984,0.4498,0.7299,0.2419628768881149,0.12629522279110061,0.3418266477741999
8.3,211.78446000000005,0.4071,0.6957,0.2350909990951494,0.12006334318032347,0.3344022159216533
8.4,217.57908000000003,0.3677,0.6615,0.22844112629457536,0.11403279258430132,0.32721764004247994
8.5,223.37369999999993,0.329,0.6254,0.2220004536522513,0.10819195872074247,0.32025908569122996
8.6,229.1683199999999,0.2899,0.592,0.215757223202247,0.10253017867765267,0.3135138494672605
8.7,234.9629399999999,0.2576,0.5553,0.20970061430726683,0.0970376395754998,0.3069702406672989
8.8,240.7575600000001,0.2259,0.518,0.20382064796538357,0.09170529178614449,0.3006174778976714
8.9,246.55218,0.194,0.4805,0.1981081029257138,0.08652477286090875,0.2944455984450058
9.0,252.34679999999997,0.1668,0.4439,0.19255444191572935,0.08148834062855456,0.2884453785716278
9.1,258.14142,0.1429,0.4092,0.1871517465598056,0.07658881417505913,0.2826082632010389
9.2,263.9360399999999,0.1224,0.3777,0.18189265979517533,0.07181952162254061,0.27692630370365107
9.3,269.73066000000006,0.105,0.3442,0.1767703347777796,0.06717425379365694,0.2713921026942587
9.4,275.52528000000007,0.088,0.3128,0.1717783894243995,0.06264722298736268,0.2659987649189933
9.5,281.3198999999999,0.0723,0.2829,0.16691086586512982,0.05823302620769316,0.26073985344745076
